time,"(-3.0, 'away')","(-3.0, 'away_smooth')","(-3.0, 'draw')","(-3.0, 'draw_smooth')","(-3.0, 'home')","(-3.0, 'home_smooth')","(-3.0, 'tot_games')","(-2.0, 'away')","(-2.0, 'away_smooth')","(-2.0, 'draw')","(-2.0, 'draw_smooth')","(-2.0, 'home')","(-2.0, 'home_smooth')","(-2.0, 'tot_games')","(-1.0, 'away')","(-1.0, 'away_smooth')","(-1.0, 'draw')","(-1.0, 'draw_smooth')","(-1.0, 'home')","(-1.0, 'home_smooth')","(-1.0, 'tot_games')","(0.0, 'away')","(0.0, 'away_smooth')","(0.0, 'draw')","(0.0, 'draw_smooth')","(0.0, 'home')","(0.0, 'home_smooth')","(0.0, 'tot_games')","(1.0, 'away')","(1.0, 'away_smooth')","(1.0, 'draw')","(1.0, 'draw_smooth')","(1.0, 'home')","(1.0, 'home_smooth')","(1.0, 'tot_games')","(2.0, 'away')","(2.0, 'away_smooth')","(2.0, 'draw')","(2.0, 'draw_smooth')","(2.0, 'home')","(2.0, 'home_smooth')","(2.0, 'tot_games')","(3.0, 'away')","(3.0, 'away_smooth')","(3.0, 'draw')","(3.0, 'draw_smooth')","(3.0, 'home')","(3.0, 'home_smooth')","(3.0, 'tot_games')"
0,,,,,,,0.0,,,,,,,0.0,0.0,0.44517558052429806,0.0,0.15114279948053044,1.0,0.35303640025215477,2.0,0.303125,0.3034863104982495,0.1921875,0.19262358561248663,0.5046875,0.5038488571584917,4480.0,1.0,0.09554389607566048,0.0,0.15281841096018528,0.0,0.7446858971342042,1.0,,,,,,,0.0,,,,,,,0.0
1,,,,,,,0.0,,,,,,,0.0,0.5,0.450630437067432,0.25,0.15893057347763204,0.25,0.34357683032904407,28.0,0.30303030303030304,0.30399939383310387,0.19154228855721392,0.19269882026203294,0.505427408412483,0.5032662812911057,4422.0,0.15151515151515152,0.09770388113575655,0.21212121212121213,0.15357524776404224,0.6363636363636364,0.7426040959570777,33.0,,,,,,,0.0,,,,,,,0.0
2,,,,,,,0.0,,,,,,,0.0,0.5384615384615384,0.456111427646784,0.2,0.16666958043035357,0.26153846153846155,0.3341382790861438,65.0,0.303023309485345,0.30449204277382347,0.19270713131779368,0.19276655654626287,0.5042695591968613,0.5027114666116573,4333.0,0.12941176470588237,0.09987295908419816,0.15294117647058825,0.15430516834932614,0.7176470588235294,0.740498289324892,85.0,,,,,,,0.0,,,,,,,0.0
3,,,,,,,0.0,0.5,0.5030622247007833,0.5,0.3342121140898234,0.0,0.19975924919349694,2.0,0.48695652173913045,0.4616201348666895,0.16521739130434782,0.1743488824591369,0.34782608695652173,0.32472690683024247,115.0,0.3045949786830886,0.3049624964598457,0.19327333017527237,0.19282816372258987,0.502131691141639,0.5021847687702451,4222.0,0.11188811188811189,0.10205237071707898,0.17482517482517482,0.1550042604650095,0.7132867132867133,0.738365079140592,143.0,0.0,-0.0013288866179339133,0.0,0.27200875560188315,1.0,0.7511882907642087,1.0,,,,,,,0.0
4,,,,,,,0.0,0.5,0.5343526400130978,0.5,0.31360572941064596,0.0,0.18729349140854368,2.0,0.46987951807228917,0.46715736311024825,0.18072289156626506,0.1819583021417208,0.3493975903614458,0.31535136103301453,166.0,0.3051506316812439,0.30541123353580196,0.19412050534499514,0.19288570174257677,0.500728862973761,0.5016835855155296,4116.0,0.12435233160621761,0.10424318341638648,0.15025906735751296,0.1556723419839295,0.7253886010362695,0.7362006720776558,193.0,0.0,0.0018666152862706494,0.3333333333333333,0.25520407770946285,0.6666666666666666,0.7623387950522373,6.0,,,,,,,0.0
5,,,,,,,0.0,0.5714285714285714,0.5656138922591126,0.2857142857142857,0.2930114749725321,0.14285714285714285,0.1749067285567884,7.0,0.47641509433962265,0.4727200787565594,0.19339622641509435,0.18950402795411317,0.330188679245283,0.306024070996602,212.0,0.30680680680680683,0.30584085665124844,0.19369369369369369,0.192941046030541,0.4994994994994995,0.5012033254298891,3996.0,0.10687022900763359,0.10644577286802424,0.16030534351145037,0.15631378961334944,0.732824427480916,0.7340028173226748,262.0,0.0,0.005034574569831283,0.3333333333333333,0.23839071545292184,0.6666666666666666,0.7734668093018102,6.0,,,,,,,0.0
6,,,,,,,0.0,0.5714285714285714,0.596852162627121,0.2857142857142857,0.27244136212887216,0.14285714285714285,0.1626088875080172,7.0,0.4691358024691358,0.4782898045334103,0.2139917695473251,0.19700009208740635,0.3168724279835391,0.2967633404321742,243.0,0.308301404853129,0.3062568115585199,0.19310344827586207,0.1929948563961999,0.4985951468710089,0.5007377266751037,3915.0,0.10967741935483871,0.10865810560826474,0.15806451612903225,0.1569436699429265,0.7322580645161291,0.7317781370347337,310.0,0.0,0.008163170372340047,0.25,0.22156630525679322,0.75,0.7845671546171358,8.0,,,,,,,0.0
7,1.0,0.6463797194825168,0.0,0.3340672809373031,0.0,0.0,1.0,0.625,0.6280563266840387,0.25,0.25192089953681457,0.125,0.1504104366013007,8.0,0.48175182481751827,0.48383132170613474,0.22992700729927007,0.20445212652461628,0.28832116788321166,0.2875967120949442,274.0,0.3087160751565762,0.30666835149138716,0.1923277661795407,0.1930460063540755,0.4989561586638831,0.5002783079588023,3832.0,0.10674157303370786,0.1108710726886389,0.1601123595505618,0.15757649579576066,0.7331460674157303,0.7295415781301072,356.0,0.0,0.01124264066927108,0.16666666666666666,0.20472780570442134,0.8333333333333334,0.7956330577878439,12.0,,,,,,,0.0
8,1.0,0.6490135350661933,0.0,0.33402096074559784,0.0,0.0,1.0,0.6666666666666666,0.6592030293998468,0.2222222222222222,0.2314494885016269,0.1111111111111111,0.13832170062908142,9.0,0.4883720930232558,0.48931967142284705,0.22591362126245848,0.2118659225642844,0.2857142857142857,0.2785634799893556,301.0,0.30958757364756295,0.3070885971282664,0.19282271023031602,0.19308929953245768,0.49758971612212105,0.4998165439889447,3734.0,0.11374407582938388,0.11306712686824953,0.16113744075829384,0.15822389858280494,0.7251184834123223,0.727307427401543,422.0,0.0625,0.014264948837513282,0.1875,0.1878715669281272,0.75,0.8066555877430877,16.0,,,,,,,0.0
9,1.0,0.6519239248389346,0.0,0.33396002284836906,0.0,0.0,1.0,0.6153846153846154,0.6902433656016489,0.23076923076923078,0.2110210506887385,0.15384615384615385,0.1263515647963669,13.0,0.5205882352941177,0.49474562145771606,0.22058823529411764,0.2192702029598772,0.25882352941176473,0.2696934617000181,340.0,0.3075865860362837,0.3074955707343276,0.1937877954920286,0.19309475425937717,0.49862561847168774,0.49940442854572625,3638.0,0.11228813559322035,0.11523032038216775,0.15677966101694915,0.15887779915433342,0.7309322033898306,0.7250774862568544,472.0,0.05263157894736842,0.017230020977818276,0.21052631578947367,0.1709953068394796,0.7368421052631579,0.8176229517890827,19.0,,,,,,,0.0
10,0.5,0.6552080510241567,0.5,0.3338751429317776,0.0,0.0,2.0,0.7647058823529411,0.7210118329497112,0.11764705882352941,0.19064058810859544,0.11764705882352941,0.11450521351005603,17.0,0.5202156334231806,0.49998635011823334,0.22641509433962265,0.2255728312945816,0.25336927223719674,0.261159131690053,371.0,0.30745341614906835,0.30760323979298,0.19367588932806323,0.1930231917727288,0.4988706945228684,0.49936683171674007,3542.0,0.11877394636015326,0.11643360438670645,0.15900383141762453,0.1595954472167198,0.7222222222222222,0.7228599622252448,522.0,0.034482758620689655,0.020185120087442054,0.1724137931034483,0.1541030446627702,0.7931034482758621,0.8285198240592018,29.0,,,,,,,0.0
11,0.6666666666666666,0.6590009963120554,0.3333333333333333,0.33375005824497433,0.0,0.0,3.0,0.75,0.7511979509494775,0.15,0.17028117619423505,0.1,0.10277000278929607,20.0,0.5161290322580645,0.5051290012788779,0.23325062034739455,0.23123813576465793,0.2506203473945409,0.2534287066847891,403.0,0.30787037037037035,0.3076084582410421,0.19299768518518517,0.19293698698976317,0.4991319444444444,0.4994472456839954,3456.0,0.12212389380530973,0.11653496602158901,0.16106194690265488,0.1604926069173162,0.7168141592920354,0.720756245789046,565.0,0.027777777777777776,0.02359125122392439,0.1388888888888889,0.13719918625281946,0.8333333333333334,0.8393275382424725,36.0,,,,,,,0.0
12,0.6666666666666666,0.6634695001555483,0.3333333333333333,0.33355699097928926,0.0,0.0,3.0,0.8260869565217391,0.7814528232903915,0.13043478260869565,0.1501173465233266,0.043478260869565216,0.09145542830464412,23.0,0.5151515151515151,0.5102386835407755,0.24242424242424243,0.23606403655727043,0.24242424242424243,0.24631214316268976,429.0,0.3072378138847858,0.3075644575524426,0.1935007385524372,0.19283280607242642,0.49926144756277696,0.49959741696397264,3385.0,0.1264559068219634,0.11641050019722524,0.15474209650582363,0.1615967599605189,0.718801996672213,0.7188174054228933,601.0,0.023809523809523808,0.02662332223568982,0.11904761904761904,0.12026930736029609,0.8571428571428571,0.8500596729843215,42.0,,,,,,,0.0
13,0.6666666666666666,0.6687672256752151,0.3333333333333333,0.3332501326182213,0.0,0.0,3.0,0.84,0.811305657627999,0.12,0.13010791319355525,0.04,0.08112590644954225,25.0,0.5152838427947598,0.5153251989508202,0.25109170305676853,0.23977214548192144,0.2336244541484716,0.2396527098959955,458.0,0.30794802055001513,0.30754196038810033,0.19220308250226656,0.19269847171395102,0.49984889694771834,0.4997566826907381,3309.0,0.12361331220285261,0.11641831596680437,0.1600633914421553,0.1629109989246341,0.716323296354992,0.7170836049975545,631.0,0.05263157894736842,0.028521833832433924,0.08771929824561403,0.10324896217824614,0.8596491228070176,0.860705674312435,57.0,,,,,,,0.0
14,0.6666666666666666,0.675096642345303,0.3333333333333333,0.33273835121284484,0.0,0.0,3.0,0.8461538461538461,0.801487285024586,0.11538461538461539,0.11362386954854073,0.038461538461538464,0.07266007118217276,26.0,0.5218295218295218,0.5201638371400139,0.25363825363825365,0.24267911255187405,0.22453222453222454,0.23341011177457233,481.0,0.30735930735930733,0.30759204406058804,0.19202226345083487,0.1925220453988255,0.5006184291898578,0.49988543814668823,3234.0,0.1288888888888889,0.11635411970317103,0.16148148148148148,0.1644799182375644,0.7096296296296296,0.7155854454125937,675.0,0.047619047619047616,0.029297639703714986,0.07936507936507936,0.08599097880113638,0.873015873015873,0.8712752529067036,63.0,0.0,0.0,0.0,0.21761516054017754,1.0,0.782497413448223,1.0
15,0.6666666666666666,0.6829275377680577,0.3333333333333333,0.33178396086557527,0.0,0.0,3.0,0.8484848484848485,0.7934336529918221,0.09090909090909091,0.10821355185571507,0.06060606060606061,0.06546452049246912,33.0,0.5233463035019456,0.5243655914426905,0.25486381322957197,0.24524365003237686,0.22178988326848248,0.22770644804272358,514.0,0.30666666666666664,0.3077377870224336,0.19238095238095237,0.19230185874771677,0.5009523809523809,0.4999623353971866,3150.0,0.12605042016806722,0.116133688075185,0.16106442577030813,0.1662798824600736,0.7128851540616247,0.7143980296640408,714.0,0.05970149253731343,0.029470318577369013,0.05970149253731343,0.09479687041371342,0.8805970149253731,0.8793442396871659,67.0,0.0,0.0,0.5,0.20472828384998043,0.5,0.7953743753085485,2.0
16,0.75,0.6997567787606815,0.25,0.3149547309382046,0.0,0.0,4.0,0.8918918918918919,0.8052113718311631,0.08108108108108109,0.10613387671877311,0.02702702702702703,0.05832591168047744,37.0,0.5315985130111525,0.5278532101853828,0.24721189591078066,0.24756160596998458,0.2211895910780669,0.22278872935190425,538.0,0.30621542466644974,0.30797711652158144,0.19329645297754638,0.19206238293399133,0.5004881223560039,0.499963579053933,3073.0,0.12317880794701987,0.11580592863868808,0.16688741721854305,0.16822832643153773,0.7099337748344371,0.7135613881699838,755.0,0.04225352112676056,0.02936125455610006,0.04225352112676056,0.10068740502127198,0.9154929577464789,0.8826841401322072,71.0,0.0,0.0,0.2,0.1918548134842979,0.8,0.8082363056820314,5.0
17,0.75,0.7167326238232418,0.25,0.2902144733955204,0.0,0.0,4.0,0.9047619047619048,0.8154009116516363,0.07142857142857142,0.10418651667936299,0.023809523809523808,0.050130559829491474,42.0,0.5342706502636204,0.5309736044810791,0.2478031634446397,0.24954354770330242,0.2179261862917399,0.21850889705297435,569.0,0.30579613590939375,0.30829019164787236,0.19253830779480346,0.19183068057482985,0.5016655562958028,0.4998815114955746,3002.0,0.11907810499359796,0.11535468283494968,0.17157490396927016,0.1702393777077929,0.7093469910371318,0.7130374858158213,781.0,0.0375,0.029279985429942788,0.0375,0.09553104319482847,0.925,0.8869077209543225,80.0,0.0,0.0,0.2,0.17900113240165194,0.8,0.8210763607787376,5.0
18,0.75,0.7314935712495356,0.25,0.2727839452176426,0.0,0.0,4.0,0.9166666666666666,0.8264820264322001,0.0625,0.10274748011750384,0.020833333333333332,0.039662026933238864,48.0,0.5332197614991482,0.5339904135410938,0.25383304940374785,0.2509997306931528,0.21294718909710392,0.21456119680860997,587.0,0.30824495381457406,0.3086615543380825,0.19158398905234347,0.19161319312379477,0.5001710571330824,0.4997264295891545,2923.0,0.11515151515151516,0.11441215742774782,0.17333333333333334,0.17223826290119482,0.7115151515151515,0.7127921227533008,825.0,0.03333333333333333,0.029483664691992317,0.044444444444444446,0.08976902990522258,0.9222222222222223,0.8917302273964096,90.0,0.0,0.0,0.16666666666666666,0.16617800240905115,0.8333333333333334,0.8338831103864451,6.0
19,0.6666666666666666,0.7459257111950774,0.3333333333333333,0.25809079917663785,0.0,0.0,3.0,0.9183673469387755,0.8574670777490858,0.061224489795918366,0.10128932057488409,0.02040816326530612,0.03024059045864876,49.0,0.5374592833876222,0.5368946100914469,0.252442996742671,0.2519386221257691,0.21009771986970685,0.21088808014780402,614.0,0.30868503662364843,0.3091156258914375,0.19079176839902337,0.19138713413445238,0.5005231949773282,0.4994971648750155,2867.0,0.11124260355029586,0.11279167678928442,0.17751479289940827,0.17419429942466538,0.7112426035502959,0.7127571483752242,845.0,0.020833333333333332,0.029724328972799856,0.041666666666666664,0.08326710339266499,0.9375,0.8964378665774632,96.0,0.0,0.0,0.14285714285714285,0.15340161082257472,0.8571428571428571,0.8466397268759998,7.0
20,0.5,0.7614740611457564,0.5,0.24328521763180488,0.0,0.0,2.0,0.9122807017543859,0.884379665613465,0.07017543859649122,0.09961117863779864,0.017543859649122806,0.027973168917014894,57.0,0.5380952380952381,0.5396497593007399,0.25555555555555554,0.2526486069892983,0.20634920634920634,0.20747120687384835,630.0,0.31185105621195847,0.3096859054525384,0.19011815252416756,0.19112837664286342,0.49803079126387395,0.4991841530308088,2793.0,0.10407239819004525,0.11098930386953577,0.17986425339366516,0.1760793808144077,0.7160633484162896,0.712874337964135,884.0,0.018867924528301886,0.029027383353226476,0.03773584905660377,0.07185207884173384,0.9433962264150944,0.9010729648699826,106.0,0.0,0.0,0.14285714285714285,0.1406845028519329,0.8571428571428571,0.8593344382158082,7.0
21,0.5,0.7785638537927331,0.5,0.2277204621696688,0.0,0.0,2.0,0.90625,0.8798201806017513,0.0625,0.09758322639099865,0.03125,0.02851037437043143,64.0,0.5409582689335394,0.5422694092221746,0.25193199381761977,0.25339917389725336,0.2071097372488408,0.20417403162890083,647.0,0.3098024871982443,0.3103766386763285,0.19092904169714703,0.19083975934837571,0.49926847110460865,0.4987805555607829,2734.0,0.10816777041942605,0.10925008621349556,0.18211920529801323,0.17786848346131434,0.7097130242825607,0.7131062385020982,906.0,0.025210084033613446,0.027892313127094524,0.04201680672268908,0.05559767024556042,0.9327731092436975,0.9057932144201084,119.0,0.0,0.0,0.14285714285714285,0.12802671286827097,0.8571428571428571,0.8719694117094134,7.0
22,0.8,0.7962294286724668,0.2,0.21182810157447401,0.0,0.0,5.0,0.875,0.875742645442751,0.09375,0.09572614104384276,0.03125,0.0299080340438468,64.0,0.5479041916167665,0.5448148992644383,0.25449101796407186,0.25413237657568233,0.19760479041916168,0.20094246542804464,668.0,0.31082089552238806,0.3111551327427411,0.18992537313432836,0.19055397393284,0.4992537313432836,0.4982885566646807,2680.0,0.10248112189859762,0.10756340401173389,0.18230852211434737,0.17957458312413582,0.7152103559870551,0.7133541737238043,927.0,0.024,0.02691256682041575,0.04,0.05854323979966046,0.936,0.9110947578469507,125.0,0.0,0.0,0.1,0.11558483723446983,0.9,0.8843790814908487,10.0
23,0.8,0.8111925983631166,0.2,0.1944067769847709,0.0,0.0,5.0,0.8428571428571429,0.8715765032759718,0.12857142857142856,0.09584125039123602,0.02857142857142857,0.03187624885052016,70.0,0.552437223042836,0.5474209716034352,0.2481536189069424,0.25465125942265626,0.19940915805022155,0.19781061665597752,677.0,0.3118566526877621,0.311957709757327,0.19176515440335493,0.19033108374062394,0.49637819290888296,0.49771427982349814,2623.0,0.10344827586206896,0.10589668990465907,0.1786833855799373,0.18118275566374875,0.7178683385579937,0.7135511707549466,957.0,0.022058823529411766,0.026095987180582828,0.058823529411764705,0.060274551865131525,0.9191176470588235,0.917115483316353,136.0,0.0,0.0,0.1,0.10321882899333856,0.9,0.8967183747339075,10.0
24,0.8333333333333334,0.8268820530919664,0.16666666666666666,0.17589298815404403,0.0,0.0,6.0,0.8732394366197183,0.867322941621771,0.09859154929577464,0.09732666784689532,0.028169014084507043,0.03403381188923681,71.0,0.5487106017191977,0.5501900165159177,0.25358166189111747,0.2548487348579407,0.1977077363896848,0.1948199078225701,698.0,0.3117692907248636,0.31271235204674075,0.19056897895557287,0.19024206281536019,0.4976617303195635,0.49705910218521093,2566.0,0.10644831115660185,0.10425964168515824,0.1811668372569089,0.18264703148369904,0.7123848515864892,0.7137107711880795,977.0,0.02027027027027027,0.02542912786252693,0.060810810810810814,0.06023101940057014,0.918918918918919,0.9179505080593353,148.0,0.0,0.0,0.08333333333333333,0.09095511652503918,0.9166666666666666,0.9089570303370073,12.0
25,0.9,0.8419418776743344,0.1,0.16199407023680001,0.0,0.0,10.0,0.8513513513513513,0.8629779515679449,0.10810810810810811,0.09934573941104584,0.04054054054054054,0.03616275920403951,74.0,0.5514809590973202,0.5531431849787345,0.25811001410437234,0.25475620371481383,0.19040902679830748,0.19194045416317143,709.0,0.31202858277094087,0.31337890512075084,0.19015482334259626,0.19030917200648964,0.4978165938864629,0.4963392700797565,2519.0,0.10462776659959759,0.10270963888599427,0.1790744466800805,0.18397307102849378,0.716297786720322,0.7138133656245459,994.0,0.02531645569620253,0.024976420454537532,0.06962025316455696,0.05954377731401033,0.9050632911392406,0.9177360150227818,158.0,0.0,0.0,0.07692307692307693,0.07931996878003099,0.9230769230769231,0.9205268181196218,13.0
26,1.0,0.8560230915841311,0.0,0.14819495410771805,0.0,0.0,9.0,0.8589743589743589,0.8586425589861267,0.08974358974358974,0.1014986233433129,0.05128205128205128,0.03828318263592623,78.0,0.5516759776536313,0.5562468522848972,0.26256983240223464,0.25451148142662783,0.1857541899441341,0.18906640382936754,716.0,0.31500202183582693,0.31393574892542525,0.1884350990699555,0.19052118877828622,0.49656287909421754,0.4955840523324322,2473.0,0.10157790927021697,0.10129005922185462,0.1844181459566075,0.18519181903079338,0.7140039447731755,0.7138567386342421,1014.0,0.023255813953488372,0.024856642540311908,0.06395348837209303,0.0585870664410014,0.9127906976744186,0.917892521946636,172.0,0.0,0.0,0.07142857142857142,0.07104617992922724,0.9285714285714286,0.9286970598138189,14.0
27,1.0,0.8694864431158492,0.0,0.1348271317532768,0.0,0.0,10.0,0.8607594936708861,0.8545249305125256,0.10126582278481013,0.10338992701042238,0.0379746835443038,0.04042347973136972,79.0,0.5537190082644629,0.5594485237793638,0.26170798898071623,0.25426075298869316,0.18457300275482094,0.1861126994536169,726.0,0.3169624432521667,0.31438721769910266,0.18778373916632274,0.1908553443170215,0.49525381758151055,0.4947984484974814,2423.0,0.09932497589199614,0.09996698412499852,0.1870781099324976,0.18634959560836628,0.7135969141755063,0.7138683981031876,1037.0,0.027777777777777776,0.025034678799315216,0.06666666666666667,0.05748492553934413,0.9055555555555556,0.9183332062674702,180.0,0.0,0.0,0.05,0.06630373083776885,0.95,0.9335455470199358,20.0
28,1.0,0.8829504844842182,0.0,0.1216309341133815,0.0,0.0,12.0,0.85,0.8506496485512761,0.1,0.10497422658127607,0.05,0.04259796683394366,80.0,0.5629228687415426,0.5627192698090692,0.2598105548037889,0.25403974428115944,0.17726657645466848,0.18308493771036952,739.0,0.3164983164983165,0.3147533049332559,0.18897306397306396,0.19131980577198657,0.49452861952861954,0.49394372027131533,2376.0,0.0982824427480916,0.09866116991903638,0.18797709923664122,0.1874340070171396,0.7137404580152672,0.7139788029246097,1048.0,0.025380710659898477,0.025316724835351877,0.07106598984771574,0.05629674510341596,0.9035532994923858,0.9189477860491339,197.0,0.0,0.0,0.0,0.0606881669330627,1.0,0.9392223788916416,23.0
29,1.0,0.8971855664509718,0.0,0.10766525723485568,0.0,0.0,13.0,0.8390804597701149,0.8469479533014878,0.11494252873563218,0.10639672252800696,0.04597701149425287,0.04475931846301274,87.0,0.5630810092961488,0.566032922171443,0.25232403718459495,0.25379192376023574,0.1845949535192563,0.18006300597082142,753.0,0.31644482610562474,0.3150881906914165,0.1906397595534564,0.191963591797091,0.49291541434091884,0.4928804307885202,2329.0,0.09811320754716982,0.09728490335435602,0.19150943396226416,0.1883609322871704,0.710377358490566,0.7144181551095519,1060.0,0.024154589371980676,0.02564441971043217,0.06280193236714976,0.055110023388546446,0.9130434782608695,0.9195812551070317,207.0,0.0,0.0,0.0,0.05479555939815341,1.0,0.9451696986522878,26.0
30,0.9285714285714286,0.9133007350067835,0.07142857142857142,0.09054155569366078,0.0,0.0,14.0,0.8444444444444444,0.8434328763041088,0.1111111111111111,0.10779577248597315,0.044444444444444446,0.04662236755510599,90.0,0.5708712613784135,0.5693865634879568,0.2483745123537061,0.2534504342487091,0.18075422626788037,0.17709090474798736,769.0,0.31666666666666665,0.31543592716875424,0.1912280701754386,0.1928289885766853,0.4921052631578947,0.49148396519837373,2280.0,0.09302325581395349,0.09577454389743448,0.19534883720930232,0.1890387864740387,0.7116279069767442,0.7153352845536113,1075.0,0.027777777777777776,0.025990780123605364,0.05555555555555555,0.05398909616830984,0.9166666666666666,0.9201281647750517,216.0,0.0,0.0,0.0,0.04904070362201649,1.0,0.9509775741753704,31.0
31,0.9285714285714286,0.9280564865512203,0.07142857142857142,0.07431796034161123,0.0,0.0,14.0,0.8350515463917526,0.8405808311380167,0.12371134020618557,0.10908148359442131,0.041237113402061855,0.047761063377344516,97.0,0.576530612244898,0.5727301236664918,0.2461734693877551,0.2530480317818289,0.17729591836734693,0.1741565819314967,784.0,0.3147982062780269,0.3158192453151355,0.19506726457399104,0.19391265867220983,0.49013452914798206,0.48979230149964104,2230.0,0.09375,0.09412278798582348,0.18933823529411764,0.18941536508310206,0.7169117647058824,0.7167507860131279,1088.0,0.02608695652173913,0.026300031351628908,0.05217391304347826,0.05281981813432181,0.9217391304347826,0.92069535223004,230.0,0.0,0.0,0.03225806451612903,0.043530927419032896,0.967741935483871,0.9565192514780942,31.0
32,0.9333333333333333,0.9316244190966165,0.06666666666666667,0.06710664403964872,0.0,0.0,15.0,0.8317757009345794,0.839672944033337,0.11214953271028037,0.10981160913835503,0.056074766355140186,0.04816486157096788,107.0,0.5758354755784062,0.5759437055881705,0.2519280205655527,0.2527001644695675,0.17223650385604114,0.1712759386968674,778.0,0.3170620437956204,0.316227535853535,0.19343065693430658,0.19520387560314723,0.48950729927007297,0.4879323099200528,2192.0,0.09411764705882353,0.09237825142086398,0.19366515837104073,0.18949448514598904,0.7122171945701358,0.7185171940921087,1105.0,0.024691358024691357,0.026530371166222463,0.04526748971193416,0.051393617512195816,0.9300411522633745,0.9216374135815137,243.0,0.0,0.0,0.058823529411764705,0.0372245646952857,0.9411764705882353,0.9628217389712971,34.0
33,0.9333333333333333,0.9318192869441321,0.06666666666666667,0.06213198960696214,0.0,0.0,15.0,0.839622641509434,0.8408248803489717,0.10377358490566038,0.10987623243556362,0.05660377358490566,0.048032377737791884,106.0,0.5835380835380836,0.5788783731030579,0.25061425061425063,0.2526068735500099,0.16584766584766586,0.16844094745201066,814.0,0.31341176470588233,0.3166484082524591,0.19576470588235295,0.1966891631345504,0.4908235294117647,0.48594721789847967,2125.0,0.0933572710951526,0.09060535193587847,0.19210053859964094,0.1892940978083049,0.7145421903052065,0.7205205436754125,1114.0,0.026515151515151516,0.026680455765421832,0.04924242424242424,0.049944934255430624,0.9242424242424242,0.9229143603609811,264.0,0.0,0.0,0.02857142857142857,0.030013544322807673,0.9714285714285714,0.9699792923785201,35.0
34,0.9444444444444444,0.9343190205843304,0.05555555555555555,0.057412202413147324,0.0,0.0,18.0,0.8333333333333334,0.8427371443244028,0.09259259259259259,0.10953154835737641,0.07407407407407407,0.04756012547509529,108.0,0.5854241338112306,0.5814470417390843,0.2520908004778972,0.25290478114605347,0.16248506571087215,0.16559585425642556,837.0,0.313468992248062,0.3170901572106745,0.19622093023255813,0.19836295540817192,0.4903100775193798,0.4838335792801305,2064.0,0.09131205673758866,0.08881065605539934,0.1950354609929078,0.18882214271201356,0.7136524822695035,0.7227686392707211,1128.0,0.02857142857142857,0.02678839830698226,0.04285714285714286,0.04869999819501414,0.9285714285714286,0.9241642642617566,280.0,0.0,0.0,0.027777777777777776,0.026656369657532566,0.9722222222222222,0.9733317608382531,36.0
35,0.9,0.9382408784295385,0.05,0.052784903124366934,0.05,0.05,20.0,0.8205128205128205,0.8449239143547201,0.11965811965811966,0.10879996887454547,0.05982905982905983,0.04694328175830933,117.0,0.5878859857482185,0.5836395912193982,0.2517814726840855,0.2535590300706994,0.16033254156769597,0.16273568355956472,842.0,0.3139190523198421,0.3175580277042977,0.19891411648568608,0.20024707321916757,0.48716683119447185,0.48157257292710054,2026.0,0.08947368421052632,0.08697673854666306,0.18947368421052632,0.1880714322620576,0.7210526315789474,0.7252984905550486,1140.0,0.028368794326241134,0.02690039149084527,0.04609929078014184,0.047616246277269035,0.925531914893617,0.9252856865175665,282.0,0.0,0.0,0.022727272727272728,0.024709037661222635,0.9772727272727273,0.9752794728949331,44.0
36,0.9090909090909091,0.9419537836523086,0.045454545454545456,0.04775408770926879,0.045454545454545456,0.045454545454545456,22.0,0.8110236220472441,0.8475669424536986,0.13385826771653545,0.10762950046505888,0.05511811023622047,0.04626166359473496,127.0,0.5871121718377088,0.5855461082393594,0.24821002386634844,0.25445984754267476,0.16467780429594273,0.15990015456217546,838.0,0.3192559074912016,0.3179995226542403,0.20361990950226244,0.20236829781914964,0.477124183006536,0.47915470307846186,1989.0,0.08340498710232158,0.0850945662537471,0.18486672398968185,0.18704483942724517,0.7317282889079966,0.7281214292095389,1163.0,0.027972027972027972,0.027046131645782817,0.045454545454545456,0.046595243081033196,0.9265734265734266,0.9262911513154577,286.0,0.0,0.0,0.023255813953488372,0.022816695873341127,0.9767441860465116,0.9771814952237897,43.0
37,0.9090909090909091,0.9452275984035938,0.045454545454545456,0.04150968260981053,0.045454545454545456,0.045454545454545456,22.0,0.816793893129771,0.8508344562673105,0.1297709923664122,0.10608856427364567,0.05343511450381679,0.04548225387481092,131.0,0.5918854415274463,0.5873181564913498,0.2529832935560859,0.25549239785970657,0.15513126491646778,0.15707729844873486,838.0,0.32040816326530613,0.31835832540444126,0.20510204081632652,0.2047311030273597,0.4744897959183674,0.47660710380841065,1960.0,0.08156329651656755,0.08314232940802188,0.18096856414613424,0.185809519232183,0.7374681393372983,0.7312080540569281,1177.0,0.027586206896551724,0.027198247781754125,0.04827586206896552,0.045640451910970437,0.9241379310344827,0.9271748414926413,290.0,0.0,0.0,0.02,0.021024115653104303,0.98,0.9790162033675484,50.0
38,0.9090909090909091,0.9480551737876787,0.045454545454545456,0.03507438117583254,0.045454545454545456,0.045454545454545456,22.0,0.8367346938775511,0.8546399389005951,0.11564625850340136,0.10438836167225576,0.047619047619047616,0.04416214285514113,147.0,0.5882352941176471,0.5890772484618089,0.2605042016806723,0.25657173415675777,0.15126050420168066,0.15417887700064065,833.0,0.32087227414330216,0.31859639949060414,0.20404984423676012,0.20731509449988667,0.4750778816199377,0.4739727277418306,1926.0,0.08108108108108109,0.08109702644443104,0.18412162162162163,0.18451072098758348,0.7347972972972973,0.7344654354108506,1184.0,0.026402640264026403,0.027305923366610217,0.0429042904290429,0.04480160520160146,0.9306930693069307,0.9279295034445539,303.0,0.0,0.0,0.0196078431372549,0.01933545697118106,0.9803921568627451,0.9807863644073685,51.0
39,0.9090909090909091,0.9504367540533478,0.045454545454545456,0.029493327331850925,0.045454545454545456,0.045454545454545456,22.0,0.85625,0.8588766280632626,0.1,0.10263413120572497,0.04375,0.041672698022694306,160.0,0.5887290167865707,0.5909328204625074,0.26139088729016785,0.2577056703829431,0.1498800959232614,0.1510749114558815,834.0,0.3202959830866808,0.31867496002917217,0.20454545454545456,0.2100598582440236,0.4751585623678647,0.47130481061382795,1892.0,0.07815126050420168,0.07897677474062723,0.18739495798319328,0.18326278677704033,0.7344537815126051,0.7377888492917571,1190.0,0.025889967637540454,0.027342349451211508,0.045307443365695796,0.04411302009042189,0.9288025889967637,0.9285809783278257,309.0,0.0,0.0,0.01694915254237288,0.017729343652342272,0.9830508474576272,0.9824925923714196,59.0
40,0.9565217391304348,0.9531184989284597,0.0,0.024557582330698248,0.043478260869565216,0.043478260869565216,23.0,0.8614457831325302,0.8634467434197083,0.10240963855421686,0.10075708507576493,0.03614457831325301,0.038200658309447424,166.0,0.586248492159228,0.5928962201312573,0.2605548854041013,0.25896101300480334,0.15319662243667068,0.147714845976603,829.0,0.3217716115261473,0.31858371476552294,0.2102454642475987,0.2128760075214356,0.467982924226254,0.46869036570465983,1874.0,0.07782426778242678,0.07684686997181446,0.18242677824267783,0.18212254676480774,0.7397489539748954,0.7410354506071998,1195.0,0.025477707006369428,0.027288459955565246,0.044585987261146494,0.04353504971268456,0.9299363057324841,0.9291986250405235,314.0,0.0,0.0,0.015151515151515152,0.016210082606020366,0.9848484848484849,0.9841140075064531,66.0
41,0.96,0.9575558964533257,0.0,0.019956648122542907,0.04,0.04,25.0,0.8636363636363636,0.868619338900542,0.10227272727272728,0.0983991012445112,0.03409090909090909,0.03452073140585013,176.0,0.5907990314769975,0.5949273515377242,0.26150121065375304,0.2603735048842606,0.14769975786924938,0.14413062786461744,826.0,0.32280892759934676,0.31834522362260115,0.21393576483396842,0.21568972804385259,0.4632553075666848,0.46621034834995584,1837.0,0.07379767827529021,0.0747579847767081,0.18076285240464346,0.18113825606272665,0.7454394693200663,0.7440814256200713,1206.0,0.02786377708978328,0.02716836825368661,0.043343653250773995,0.0430292279506885,0.9287925696594427,0.9298079241441726,323.0,0.0,0.0,0.0136986301369863,0.014806686485994945,0.9863013698630136,0.9855489391586478,73.0
42,0.9629629629629629,0.9625239222296507,0.0,0.015060869848186472,0.037037037037037035,0.037037037037037035,27.0,0.8770949720670391,0.8741834202557397,0.09497206703910614,0.09570253540792562,0.027932960893854747,0.031175516310956768,179.0,0.5918367346938775,0.59701166331723,0.2605042016806723,0.26189182777518094,0.14765906362545017,0.1403763233749931,833.0,0.3213495575221239,0.31797491865050387,0.22013274336283187,0.21848458690652184,0.45851769911504425,0.46386851751408253,1808.0,0.07248764415156507,0.07273429710845461,0.17627677100494235,0.18031577746975175,0.7512355848434926,0.7469138283777157,1214.0,0.030303030303030304,0.027036091914052176,0.03939393939393939,0.042576050256785306,0.9303030303030303,0.9304096453202412,330.0,0.0,0.0,0.013333333333333334,0.013672349126443196,0.9866666666666667,0.9859314329490378,75.0
43,0.967741935483871,0.9664007500595353,0.0,0.008920194761150616,0.03225806451612903,0.03225806451612903,31.0,0.8972972972972973,0.8793216555689226,0.08648648648648649,0.0931229009304718,0.016216216216216217,0.028260619782867678,185.0,0.5964285714285714,0.5991786368162516,0.26071428571428573,0.26343314766497683,0.14285714285714285,0.13652461362477453,840.0,0.3163841807909605,0.3174836082375542,0.22429378531073446,0.2212800459769702,0.45932203389830506,0.4616244468179283,1770.0,0.0726672171758877,0.07077950459491503,0.17588769611891,0.17966475254572498,0.7514450867052023,0.7495304849907807,1211.0,0.02849002849002849,0.02691437061416331,0.039886039886039885,0.042133360526697625,0.9316239316239316,0.9310313487025261,351.0,0.0,0.0,0.012987012987012988,0.013696454495614763,0.987012987012987,0.9846377631995449,77.0
44,0.9705882352941176,0.9692747150737762,0.0,0.0027030036811417917,0.029411764705882353,0.029411764705882353,34.0,0.8923076923076924,0.8839904266581853,0.08717948717948718,0.09074012674101525,0.020512820512820513,0.025689880048283657,195.0,0.6045673076923077,0.6015421737183098,0.2608173076923077,0.26488340771025465,0.1346153846153846,0.13263027333742256,832.0,0.3157593123209169,0.3168682996104895,0.22578796561604583,0.22410814549111283,0.4584527220630373,0.4594369178092849,1745.0,0.0687960687960688,0.06886770227435417,0.1769041769041769,0.1791955595906194,0.7542997542997543,0.7519201616072034,1221.0,0.028089887640449437,0.026746930215264284,0.042134831460674156,0.041675479877258066,0.9297752808988764,0.9317660084841958,356.0,0.0,0.0,0.012195121951219513,0.01472800147034848,0.9878048780487805,0.9838478276601742,82.0
45,0.975,0.9716206660012207,0.0,0.00025739145579793,0.025,0.025,40.0,0.9019607843137255,0.8882936710304237,0.0784313725490196,0.08847430847339996,0.0196078431372549,0.02342391854425154,204.0,0.6156501726121979,0.6042598782819041,0.26352128883774456,0.26594936134752895,0.12082853855005754,0.1287295155551504,869.0,0.31076923076923074,0.31610748099832475,0.23138461538461538,0.22702028413471645,0.45784615384615385,0.4572862321879851,1625.0,0.06448979591836734,0.06695566174797515,0.18122448979591838,0.17892672244460078,0.7542857142857143,0.7540992469430974,1225.0,0.024630541871921183,0.02645117404123727,0.03940886699507389,0.04120238062692977,0.9359605911330049,0.932694241111025,406.0,0.010752688172043012,0.010752688172043012,0.010752688172043012,0.015370089593467237,0.978494623655914,0.9836360901938092,93.0
46,0.9761904761904762,0.973919651001136,0.0,1.3220840677974558e-06,0.023809523809523808,0.023809523809523808,42.0,0.9024390243902439,0.8921129714201396,0.08292682926829269,0.08643693962102945,0.014634146341463415,0.02146019405927975,205.0,0.6112385321100917,0.6074209056511959,0.268348623853211,0.26635016998389316,0.12041284403669725,0.12478749599423972,872.0,0.3124612523248605,0.3151465083559149,0.2306261624302542,0.23006019563950159,0.4569125852448853,0.45521586718263274,1613.0,0.06546644844517185,0.06504944571407985,0.1783960720130933,0.1788931980625418,0.7561374795417348,0.7560341225078133,1222.0,0.026570048309178744,0.02598297386590361,0.043478260869565216,0.04073506083640022,0.9299516908212561,0.9337725203122221,414.0,0.0,0.0,0.010526315789473684,0.015692095855020533,0.9894736842105263,0.9834897521737936,95.0
47,0.9772727272727273,0.9764628403412877,0.0,0.0,0.022727272727272728,0.022727272727272728,44.0,0.8957345971563981,0.8952541967764629,0.09004739336492891,0.08480233523199729,0.014218009478672985,0.01986180848689095,211.0,0.6075085324232082,0.6109729013508554,0.27303754266211605,0.266176371015527,0.11945392491467577,0.12084655654583998,879.0,0.31522425773847124,0.3139603212378405,0.23057485786481363,0.23320828996015247,0.4542008843967151,0.4532806489051168,1583.0,0.06382978723404255,0.06318012995835792,0.17757774140752863,0.17916346900920274,0.7585924713584288,0.7576254671437097,1222.0,0.02570093457943925,0.025350147677031674,0.0397196261682243,0.040271134768019155,0.9345794392523364,0.9349469868288757,428.0,0.0,0.0,0.02127659574468085,0.01596913896054884,0.9787234042553191,0.9831558230949168,94.0
48,0.9787234042553191,0.9792524061873076,0.0,0.0,0.02127659574468085,0.02127659574468085,47.0,0.8940092165898618,0.8974931022765307,0.08755760368663594,0.08367029421042084,0.018433179723502304,0.01874344648155065,217.0,0.6116838487972509,0.614781744702742,0.27376861397479957,0.2657018934790313,0.1145475372279496,0.11705842575760265,873.0,0.31512071156289706,0.31258081910734165,0.23443456162642948,0.23639299705933345,0.45044472681067343,0.4514751627519547,1574.0,0.059166666666666666,0.061358482596894345,0.17666666666666667,0.1797561047811887,0.7641666666666667,0.7588375355745772,1200.0,0.026490066225165563,0.02457375466348519,0.04194260485651214,0.03982223979924333,0.9315673289183223,0.9361921123797813,453.0,0.0,0.0,0.020833333333333332,0.016348447126489203,0.9791666666666666,0.9823918614471239,96.0
49,0.9787234042553191,0.9821385121362518,0.0,0.0,0.02127659574468085,0.02127659574468085,47.0,0.8973214285714286,0.8987021325566357,0.08482142857142858,0.08305510168256147,0.017857142857142856,0.018166097565622485,224.0,0.6124567474048442,0.6187141007022183,0.2779700115340254,0.26507608875034805,0.10957324106113034,0.11357891037711212,867.0,0.3155183515775918,0.3110603939828072,0.23502897617514487,0.23959783543738156,0.4494526722472634,0.4497501559072689,1553.0,0.05975103734439834,0.05959876125099324,0.17593360995850624,0.18061168801505062,0.7643153526970954,0.7597233670626554,1205.0,0.026143790849673203,0.023710484666707773,0.0457516339869281,0.03937290961590087,0.9281045751633987,0.9374871189540301,459.0,0.0,0.0,0.019417475728155338,0.017041893575669292,0.9805825242718447,0.9813456332657415,103.0
50,0.9772727272727273,0.9849455545390058,0.0,0.0,0.022727272727272728,0.022727272727272728,44.0,0.9067796610169492,0.8991209280617145,0.07627118644067797,0.08282407981536122,0.01694915254237288,0.017984186704978342,236.0,0.6093928980526919,0.6227003291876284,0.281786941580756,0.2643209430926273,0.10882016036655212,0.11046266998379362,873.0,0.3145478374836173,0.3094238829201335,0.23591087811271297,0.24287974002126303,0.44954128440366975,0.4480644234736701,1526.0,0.05852842809364549,0.05793155660526656,0.1806020066889632,0.1816208847892912,0.7608695652173914,0.7603725187402717,1196.0,0.02553191489361702,0.022817221733154522,0.03829787234042553,0.03889086343372934,0.9361702127659575,0.9388190097578033,470.0,0.0,0.0,0.018518518518518517,0.017962476297260232,0.9814814814814815,0.9812138551460449,108.0
51,0.9767441860465116,0.9875812810094278,0.0,0.0,0.023255813953488372,0.023255813953488372,43.0,0.912,0.8992666960684906,0.072,0.0827710806805155,0.016,0.01785547579091077,250.0,0.6219369894982497,0.62674267324281,0.2742123687281214,0.26340482789643754,0.10385064177362893,0.10766878375014723,857.0,0.31155115511551157,0.30763192441547077,0.2429042904290429,0.24631490960723812,0.44554455445544555,0.4464005322656592,1515.0,0.055973266499582286,0.05640011966912474,0.18295739348370926,0.18266895944904038,0.7610693400167085,0.7608484437081585,1197.0,0.018789144050104383,0.021891798620584393,0.037578288100208766,0.038383713796923104,0.9436325678496869,0.9401957012484358,479.0,0.0,0.0,0.01834862385321101,0.01806517996265676,0.981651376146789,0.9818618237916915,109.0
52,1.0,0.9899873062524578,0.0,6.166781305820074e-05,0.0,0.0,46.0,0.9047619047619048,0.8995035621936442,0.07539682539682539,0.08276331856577851,0.01984126984126984,0.01757201156661588,252.0,0.63121387283237,0.630907992851842,0.2635838150289017,0.2622649245067086,0.10520231213872833,0.10510429124360898,865.0,0.3081591368846932,0.305618378035275,0.25016857720836144,0.24995011539930947,0.4416722859069454,0.44475185467490364,1483.0,0.05228215767634855,0.05502517494928361,0.18423236514522823,0.18370720167413895,0.7634854771784232,0.7611613618744433,1205.0,0.018556701030927835,0.020887429395140517,0.03711340206185567,0.03789807449350757,0.9443298969072165,0.9416290829567556,485.0,0.0,0.0,0.018018018018018018,0.017350198333887724,0.9819819819819819,0.9827027053992433,111.0
53,1.0,0.9920035916688755,0.0,0.00043035754581022376,0.0,0.0,50.0,0.8957528957528957,0.8998234585399127,0.08494208494208494,0.08282836446869206,0.019305019305019305,0.01710859848410182,259.0,0.6366782006920415,0.6352803155606181,0.25836216839677045,0.2607595121436143,0.104959630911188,0.1026616137332364,867.0,0.3035099793530626,0.3033600215115685,0.25602202339986235,0.2538589076436584,0.440467997247075,0.44307006836835955,1453.0,0.052980132450331126,0.053798400873751484,0.18294701986754966,0.18469499649277427,0.7640728476821192,0.7613694008334486,1208.0,0.02040816326530612,0.019779569459137614,0.03877551020408163,0.037482266672330754,0.9408163265306122,0.943097560075916,490.0,0.0,0.0,0.01680672268907563,0.016278930911421872,0.9831932773109243,0.9837904436874536,119.0
54,1.0,0.9934878070466415,0.0,0.0013134613871804862,0.0,0.0,55.0,0.89272030651341,0.9001202869845525,0.0842911877394636,0.08306932108381414,0.022988505747126436,0.01646484145907884,261.0,0.6427745664739885,0.6398536896727149,0.25549132947976877,0.2588413502553212,0.10173410404624278,0.10023585520294873,865.0,0.3003484320557491,0.3009071985166788,0.25853658536585367,0.2580761366156175,0.4411149825783972,0.44123432575615446,1435.0,0.05228215767634855,0.052683904712320394,0.1883817427385892,0.18558557936621048,0.7593360995850622,0.761585767624337,1205.0,0.020366598778004074,0.01857657674991821,0.034623217922606926,0.03716440606553102,0.945010183299389,0.94455825754819,491.0,0.0,0.0,0.015503875968992248,0.014959636069442546,0.9844961240310077,0.9851104441118027,129.0
55,1.0,0.9943653022977231,0.0,0.002658613201772523,0.0,0.0,62.0,0.8923076923076924,0.9003250368880855,0.08846153846153847,0.08360052532114154,0.019230769230769232,0.015668238101542564,260.0,0.6471935853379153,0.6445446693602023,0.2542955326460481,0.25677250635573645,0.09851088201603665,0.09777596120096556,873.0,0.2978122794636556,0.2983443777976477,0.25970359915314045,0.2625500031930979,0.442484121383204,0.4392344906016865,1417.0,0.04957983193277311,0.051609085941233625,0.1907563025210084,0.18634630613845976,0.7596638655462185,0.7619186339127297,1190.0,0.015904572564612324,0.017329244956657084,0.03578528827037773,0.03695245648180074,0.94831013916501,0.9459287836028537,503.0,0.0,0.0,0.014705882352941176,0.013564283141594068,0.9852941176470589,0.986489006487296,136.0
56,1.0,0.9944989725252765,0.0,0.004298647070774617,0.0,0.0,63.0,0.8957528957528957,0.9004723844991515,0.08494208494208494,0.0843594736710033,0.019305019305019305,0.014765161828593732,259.0,0.6527149321266968,0.6492130901933612,0.251131221719457,0.25493239418514696,0.09615384615384616,0.09521439277276308,884.0,0.29335260115606937,0.29578749878885197,0.2658959537572254,0.2671884306405244,0.4407514450867052,0.43710378785987103,1384.0,0.04882154882154882,0.05049624850272464,0.1919191919191919,0.18695389657168782,0.7592592592592593,0.7624392710831822,1188.0,0.017374517374517374,0.01608469465635515,0.03474903474903475,0.03679863499873463,0.9478764478764479,0.9472201124329819,518.0,0.0,0.0,0.014388489208633094,0.012151987199119831,0.9856115107913669,0.9878766345517932,139.0
57,1.0,0.9936307343500338,0.0,0.006238274762167413,0.0,0.0,63.0,0.90625,0.9007921755009142,0.08203125,0.08503751699792647,0.01171875,0.013776206526881149,256.0,0.654320987654321,0.6537720297997384,0.25140291806958476,0.25343568659856797,0.09427609427609428,0.09247436619150234,891.0,0.2920029347028613,0.29330380728821037,0.2714600146735143,0.2719287898019763,0.43653705062362436,0.434849897760281,1363.0,0.04957983193277311,0.04932756109883247,0.18907563025210083,0.18734986431441122,0.761344537815126,0.7632054856426748,1190.0,0.017013232514177693,0.014883019562787795,0.034026465028355386,0.036658859019493804,0.9489603024574669,0.9484834349826908,529.0,0.0,0.0,0.014388489208633094,0.010686822704967649,0.9856115107913669,0.9893242101598578,139.0
58,1.0,0.9917177201509105,0.0,0.008535073788229075,0.0,0.0,63.0,0.9042145593869731,0.9015910660956279,0.0842911877394636,0.0853012058944003,0.011494252873563218,0.012686650762725168,261.0,0.6585094549499444,0.6581719059347707,0.25139043381535037,0.25219165633650586,0.09010011123470522,0.08954782017595542,899.0,0.2876506024096386,0.29089644052152913,0.276355421686747,0.2768307354286633,0.43599397590361444,0.4323973333335116,1328.0,0.05104602510460251,0.0481507835645894,0.18744769874476988,0.18744991409559156,0.7615062761506276,0.7642655815550178,1195.0,0.013157894736842105,0.013721721182911163,0.03759398496240601,0.03650941184393048,0.9492481203007519,0.9497580443779063,532.0,0.0,0.0,0.006802721088435374,0.009163931118543358,0.9931972789115646,0.9908359008372771,147.0
59,0.9836065573770492,0.9890654311026558,0.01639344262295082,0.011167051041119104,0.0,0.0,61.0,0.9037037037037037,0.9029920520226875,0.08518518518518518,0.08500714469916258,0.011111111111111112,0.01151428147003382,270.0,0.6581291759465479,0.6624230745124593,0.25501113585746105,0.25108644380546186,0.08685968819599109,0.0864983372392017,898.0,0.2887864823348694,0.2885373174296165,0.27572964669738864,0.2822168480176772,0.43548387096774194,0.4294680466528505,1302.0,0.05126050420168067,0.04698878989340712,0.1899159663865546,0.18720100352423458,0.7588235294117647,0.7656597876439699,1190.0,0.011131725417439703,0.012573908739825345,0.03896103896103896,0.03635381407109486,0.9499072356215214,0.9510450331344883,539.0,0.0,0.0,0.00625,0.007644533560694484,0.99375,0.9923452497948477,160.0
60,0.9833333333333333,0.9861222717490965,0.016666666666666666,0.013991903784480578,0.0,0.0,60.0,0.9010989010989011,0.9048849838613604,0.09157509157509157,0.08420590344620164,0.007326007326007326,0.010353245133911917,273.0,0.6666666666666666,0.666560261179895,0.2477777777777778,0.25003699210787506,0.08555555555555555,0.08342859522142589,900.0,0.2837100545596259,0.286237460569823,0.2868277474668745,0.28872859820115954,0.4294621979734996,0.42530848649852787,1283.0,0.04873949579831933,0.0458167108592363,0.18571428571428572,0.18660419413240717,0.7655462184873949,0.7674157446187199,1190.0,0.011152416356877323,0.011427172037685724,0.03903345724907063,0.036160184041483245,0.949814126394052,0.9523833225356018,538.0,0.0,0.0,0.005952380952380952,0.006182970244159918,0.9940476190476191,0.9937981083122963,168.0
61,0.9841269841269841,0.9831199799706739,0.015873015873015872,0.016876282360093413,0.0,0.0,63.0,0.8960573476702509,0.907060075245683,0.0967741935483871,0.08305103598322844,0.007168458781362007,0.00932580715664,279.0,0.671892497200448,0.6706718498135116,0.24636058230683092,0.24890823440234858,0.08174692049272117,0.08044450643918528,893.0,0.28673550436854645,0.28400173916143084,0.29388403494837173,0.29648639023856627,0.4193804606830818,0.41987388237050693,1259.0,0.04579517069109076,0.044598452503386274,0.18401332223147376,0.1856673947182935,0.7701915070774354,0.7695628108466142,1201.0,0.00929368029739777,0.010318632983286315,0.03717472118959108,0.03588337250499446,0.9535315985130112,0.9537731612717231,538.0,0.0,0.0,0.005681818181818182,0.004806408347087458,0.9943181818181818,0.9951699076550706,176.0
62,0.984375,0.9801668092291115,0.015625,0.01969968577256222,0.0,0.0,64.0,0.9050847457627119,0.9092825466493254,0.08813559322033898,0.081688516496889,0.006779661016949152,0.0085268869740279,295.0,0.672316384180791,0.6748492351908812,0.2519774011299435,0.24758329663249382,0.07570621468926554,0.07758479698501826,885.0,0.2841000807102502,0.2817981394747282,0.29459241323648105,0.3047803522525766,0.4213075060532688,0.41402864471352113,1239.0,0.041736227045075125,0.04330845811170745,0.18781302170283806,0.18441268439834999,0.7704507512520868,0.7721004350032152,1198.0,0.00922509225092251,0.009294036969345285,0.03690036900369004,0.03547918402970308,0.9538745387453874,0.9552066963504133,542.0,0.0,0.0,0.0,0.003599414960575093,1.0,0.9963700862029471,184.0
63,0.9705882352941176,0.9775501062503317,0.029411764705882353,0.022088088297990482,0.0,0.0,68.0,0.9093959731543624,0.9114552703871516,0.08389261744966443,0.08015014476967386,0.006711409395973154,0.00799005127790787,298.0,0.6797235023041475,0.6791517306281086,0.25,0.24600184375014536,0.07027649769585254,0.07485296413177729,868.0,0.2837620578778135,0.27957843604857385,0.30064308681672025,0.3132551524216561,0.41559485530546625,0.4080323881855815,1244.0,0.03986429177268872,0.04191734495102499,0.18914334181509754,0.18290104286387046,0.7709923664122137,0.7749895755602848,1179.0,0.007207207207207207,0.008363398637344385,0.03423423423423423,0.03490268494677728,0.9585585585585585,0.9567171601172577,555.0,0.0,0.0,0.0,0.00264507042752069,1.0,0.9973128971996806,190.0
64,0.9696969696969697,0.9755183583153639,0.030303030303030304,0.02378672979928769,0.0,0.0,66.0,0.9153094462540716,0.9136400824720797,0.0781758957654723,0.07836752497146428,0.006514657980456026,0.0077044468648165285,307.0,0.6859122401847575,0.6836036324361677,0.24595842956120093,0.24415204544121483,0.06812933025404157,0.07224119841507211,866.0,0.2758340113913751,0.2772853391128566,0.31163547599674535,0.3218117525484421,0.41253051261187956,0.4018600633380627,1229.0,0.03962900505902192,0.040411311610669964,0.18465430016863407,0.18117936768198276,0.7757166947723441,0.7782024485528194,1186.0,0.007326007326007326,0.007518684317051389,0.0347985347985348,0.03414879318281809,0.9578754578754579,0.9583145686877503,546.0,0.0,0.0,0.0,0.0018918592786706186,1.0,0.9980601858298034,196.0
65,0.9696969696969697,0.9741611248092212,0.030303030303030304,0.024851264757549698,0.0,0.0,66.0,0.9223300970873787,0.9159693330622809,0.07119741100323625,0.07619892979081153,0.006472491909385114,0.007648088853437014,309.0,0.6850574712643678,0.6882176920556597,0.2471264367816092,0.24205610637882938,0.067816091954023,0.06971906751910176,870.0,0.2747524752475248,0.27486102878890406,0.3217821782178218,0.3304840910020458,0.4034653465346535,0.3954484402139627,1212.0,0.03969594594594594,0.03882487949141848,0.17905405405405406,0.17926086321897158,0.78125,0.7817152906762016,1184.0,0.005484460694698354,0.006752801874986684,0.03473491773308958,0.03324485137359993,0.9597806215722121,0.9599821588738944,547.0,0.0,0.0,0.0,0.0012314044804715893,1.0,0.998725836947793,207.0
66,0.9726027397260274,0.9733882137422238,0.0273972602739726,0.025506794967746695,0.0,0.0,73.0,0.9193548387096774,0.9185712334774631,0.07419354838709677,0.07354031998247762,0.0064516129032258064,0.007786171758991292,310.0,0.6916859122401847,0.6929588233358663,0.24249422632794457,0.23976149078550643,0.06581986143187067,0.06726902301585916,866.0,0.2708333333333333,0.272278713577873,0.3308333333333333,0.339402345058436,0.3983333333333333,0.3886778943247582,1200.0,0.0379746835443038,0.03720769102402806,0.17637130801687764,0.17708326578002637,0.7856540084388186,0.7855563980473388,1185.0,0.005535055350553505,0.0060309208198267355,0.03505535055350553,0.032239103335225575,0.959409594095941,0.9617082929729324,542.0,0.0,0.0,0.0,0.0006418541731041435,1.0,0.9993308471959984,215.0
67,0.9726027397260274,0.9730570401910031,0.0273972602739726,0.02588529786503763,0.0,0.0,73.0,0.922360248447205,0.9214625834214891,0.06832298136645963,0.07041208454623625,0.009316770186335404,0.008093397153979874,322.0,0.6958579881656805,0.6977916261878211,0.23905325443786982,0.23729236777976476,0.0650887573964497,0.06489936469632966,845.0,0.27204030226700254,0.269534792925823,0.3425692695214106,0.34851558802188465,0.3853904282115869,0.38166213838176105,1191.0,0.03559322033898305,0.035578482546917915,0.17796610169491525,0.17461514479263796,0.7864406779661017,0.7897209244425875,1180.0,0.005376344086021506,0.005320666592160876,0.02867383512544803,0.031187427011602202,0.9659498207885304,0.9634690616527783,558.0,0.0,0.0,0.0,0.00021444359499638566,1.0,0.9997766170368187,214.0
68,0.96,0.9731953610238034,0.04,0.025858581340317884,0.0,0.0,75.0,0.9261538461538461,0.9245434816660462,0.06769230769230769,0.0669629581594583,0.006153846153846154,0.008521020102154653,325.0,0.7019002375296912,0.7027385463725851,0.2327790973871734,0.2346315179010148,0.06532066508313539,0.06260764636666334,842.0,0.26903553299492383,0.266646916666933,0.3553299492385787,0.35791012775175235,0.3756345177664975,0.37448211895477473,1182.0,0.03356282271944923,0.03392811289536581,0.1746987951807229,0.17187213920034827,0.7917383820998278,0.7941642032756419,1162.0,0.005199306759098787,0.004621372748647021,0.029462738301559793,0.03010177145799179,0.9653379549393414,0.9652545265365448,577.0,0.0,0.0,0.0,2.920339425792497e-05,1.0,0.9999699664153829,215.0
69,0.975,0.9739190784557541,0.025,0.02522327850264501,0.0,0.0,80.0,0.9233128834355828,0.9276795920446912,0.06748466257668712,0.06340020103502225,0.009202453987730062,0.008990819035635794,326.0,0.7076923076923077,0.707832423446152,0.2319526627218935,0.23176326816029633,0.06035502958579882,0.06036923410559557,845.0,0.26356589147286824,0.26365413758339873,0.367786391042205,0.36873805944880655,0.3686477174849268,0.3666486435971976,1161.0,0.03264604810996564,0.03224329922027114,0.16924398625429554,0.1688765352759138,0.7981099656357389,0.7988662206311141,1164.0,0.005145797598627788,0.003951775693127547,0.029159519725557463,0.028971460675757642,0.9656946826758147,0.9670571419317491,583.0,0.0,0.0,0.0,0.0,1.0,1.0000000000000004,214.0
70,0.975609756097561,0.97519279957839,0.024390243902439025,0.02403343028430956,0.0,0.0,82.0,0.9261538461538461,0.9308081557438171,0.06461538461538462,0.05985508079158531,0.009230769230769232,0.009432216770559079,325.0,0.7127659574468085,0.7130744039392592,0.22576832151300236,0.22873573024479232,0.061465721040189124,0.05814044661223018,846.0,0.26090750436300175,0.2605693131595269,0.38219895287958117,0.38108073029513795,0.3568935427574171,0.35787367520569263,1146.0,0.032590051457975985,0.03051532758404913,0.16552315608919382,0.16566062835751555,0.8018867924528302,0.8038189096373167,1166.0,0.0034071550255536627,0.0033243937969310335,0.027257240204429302,0.027789404253193237,0.969335604770017,0.968871429352601,587.0,0.0,0.0,0.0,0.0,1.0,1.0,215.0
71,0.9775280898876404,0.9767828270827604,0.02247191011235955,0.022563723702037394,0.0,0.0,89.0,0.9318885448916409,0.9339534518063628,0.058823529411764705,0.05636172569361957,0.009287925696594427,0.009794821845805775,323.0,0.7159763313609467,0.7184946866516675,0.22485207100591717,0.22556517689668273,0.05917159763313609,0.055879567313500196,845.0,0.25772285966460723,0.2570782652214147,0.3936451897616946,0.39385681542778794,0.34863195057369817,0.3487614752515491,1133.0,0.030198446937014668,0.028753507839794214,0.1622088006902502,0.1622732196624907,0.8075927523727351,0.8089704422031692,1159.0,0.003355704697986577,0.0027449399039199164,0.026845637583892617,0.026550741588594946,0.9697986577181208,0.9706960940204674,596.0,0.0,0.0,0.0,0.0,1.0,1.0,219.0
72,0.9775280898876404,0.9784474067609097,0.02247191011235955,0.021027757274332433,0.0,0.0,89.0,0.9320987654320988,0.937143376640076,0.05555555555555555,0.05292931896962993,0.012345679012345678,0.010047440017757089,324.0,0.7252358490566038,0.7241633762244762,0.22287735849056603,0.2221912031518281,0.05188679245283019,0.05356770786450834,848.0,0.25448028673835127,0.25202763133501854,0.4014336917562724,0.4076470766889601,0.34408602150537637,0.3396261406725283,1116.0,0.027705627705627706,0.026971431870823882,0.16277056277056276,0.15873237047737418,0.8095238095238095,0.8142902046366254,1155.0,0.0016638935108153079,0.0022092565129443772,0.026622296173044926,0.025268580282026568,0.9717138103161398,0.9725205816583243,601.0,0.0,0.0,0.0,0.0,1.0,0.9999999999999999,225.0
73,0.9782608695652174,0.9800338947687539,0.021739130434782608,0.019526691899789984,0.0,0.0,92.0,0.9395770392749244,0.9403783575850395,0.04833836858006042,0.04958030198425757,0.012084592145015106,0.010162802781716303,331.0,0.7292161520190024,0.7301536974242347,0.2209026128266033,0.21857619037122933,0.0498812351543943,0.051171377862615434,842.0,0.25067385444743934,0.24500470053467524,0.42048517520215634,0.42379295750461704,0.3288409703504043,0.33053732760342963,1113.0,0.023767605633802816,0.025180357563423995,0.15316901408450703,0.15499550927796266,0.8230633802816901,0.8198135932774908,1136.0,0.0,0.001713482832295247,0.024232633279483037,0.023968199479786293,0.975767366720517,0.9743217155789501,619.0,0.0,0.0,0.0,0.0,1.0,1.0,218.0
74,0.9782608695652174,0.9815406836846087,0.021739130434782608,0.018069430561487333,0.0,0.0,92.0,0.9520958083832335,0.9436475252340016,0.03592814371257485,0.04634090610576536,0.011976047904191617,0.01012276039515721,334.0,0.7318235995232419,0.7365219948451377,0.21811680572109654,0.21472728642812397,0.050059594755661505,0.048642001810690325,839.0,0.2484076433121019,0.23745862163964152,0.4322111010009099,0.4411359292260872,0.31938125568698816,0.321463857033893,1099.0,0.021853146853146852,0.023388109536762285,0.1520979020979021,0.15103394236058168,0.826048951048951,0.8255635308235248,1144.0,0.0,0.0012560150498677088,0.024271844660194174,0.022646235252538633,0.9757281553398058,0.9761017814322865,618.0,0.0,0.0,0.0,0.0,1.0,1.0,220.0
75,0.9895833333333334,0.9830877225546544,0.010416666666666666,0.016511439642969274,0.0,0.0,96.0,0.9486404833836858,0.9469632593823873,0.03927492447129909,0.0432272463626492,0.012084592145015106,0.00991081407170211,331.0,0.7440476190476191,0.7433087345966515,0.2119047619047619,0.21063055117415294,0.04404761904761905,0.0459616440729285,840.0,0.23963133640552994,0.23000774980712535,0.447926267281106,0.458290897521504,0.31244239631336407,0.3123521207501375,1085.0,0.020942408376963352,0.021600145893562232,0.14834205933682373,0.14688649281866278,0.8307155322862129,0.831496832496347,1146.0,0.0,0.0008513286210506274,0.021035598705501618,0.0212787330513893,0.9789644012944984,0.9778719714304274,618.0,0.0,0.0,0.0,0.0,1.0,0.9999999999999999,222.0
76,0.9893617021276596,0.9847967941724144,0.010638297872340425,0.014713405893481678,0.0,0.0,94.0,0.9501466275659824,0.9503421467723833,0.03812316715542522,0.04022983836124742,0.011730205278592375,0.009520739871727166,341.0,0.7461077844311377,0.7505110567529678,0.21317365269461078,0.20626718105655237,0.0407185628742515,0.04313860877745269,835.0,0.2387218045112782,0.22260121271236277,0.45864661654135336,0.4752157891928346,0.3026315789473684,0.30317217772205535,1064.0,0.01918047079337402,0.019825761170666,0.14734088927637315,0.14257320013064925,0.8334786399302528,0.8375834372895232,1147.0,0.0,0.0005192870731497314,0.019417475728155338,0.019827833330990138,0.9805825242718447,0.9796556191474204,618.0,0.0,0.0,0.0,0.0,1.0,1.0000000000000002,236.0
77,0.9895833333333334,0.98672730809223,0.010416666666666666,0.01270770124657812,0.0,0.0,96.0,0.9565217391304348,0.9537780066952027,0.034782608695652174,0.037346688328252005,0.008695652173913044,0.008953330466147779,345.0,0.7503001200480192,0.7580473564273216,0.20768307322929172,0.20166303291496954,0.04201680672268908,0.04020083767348283,833.0,0.2300469483568075,0.2151803980003096,0.4751173708920188,0.4920874158992525,0.2948356807511737,0.2939388780538354,1065.0,0.01759014951627089,0.01808052297984686,0.13808267370272648,0.13805285212093718,0.8443271767810027,0.8438528964127584,1137.0,0.0,0.0002737698642534499,0.01951219512195122,0.018308847745308693,0.9804878048780488,0.9814193717334763,615.0,0.0,0.0,0.0,0.0,1.0,1.0,239.0
78,0.9807692307692307,0.9887504829140542,0.019230769230769232,0.010654677452084715,0.0,0.0,104.0,0.9594202898550724,0.9572180539814962,0.03188405797101449,0.03459099214768603,0.008695652173913044,0.008243566275722557,345.0,0.7620772946859904,0.765856080873662,0.19806763285024154,0.1968186363708037,0.03985507246376811,0.03717846058327387,828.0,0.21821631878557876,0.20758605553316117,0.4971537001897533,0.5090071654184791,0.2846299810246679,0.2846711730271191,1054.0,0.017777777777777778,0.016388798466401833,0.13333333333333333,0.13324581937354252,0.8488888888888889,0.8503650388263649,1125.0,0.0,0.00011601409296257823,0.01592356687898089,0.016769331782670534,0.9840764331210191,0.9831139750243124,628.0,0.0,0.0,0.0,0.0,1.0,1.0000000000000002,240.0
79,0.9805825242718447,0.9906705186699206,0.019417475728155338,0.008726473982633334,0.0,0.0,103.0,0.96,0.9606038367318087,0.03142857142857143,0.03197937760738573,0.008571428571428572,0.007440375503320591,350.0,0.7698695136417556,0.7739500666366942,0.19098457888493475,0.19168684844801365,0.03914590747330961,0.03410408668730062,843.0,0.205078125,0.1996642497389732,0.517578125,0.5260689030719068,0.27734375,0.2753655230423382,1024.0,0.014311270125223614,0.014770812267492247,0.13148479427549195,0.12811949561535435,0.8542039355992844,0.8571358906577817,1118.0,0.0,3.31174343417175e-05,0.015723270440251572,0.01526298877439936,0.9842767295597484,0.9847026588236788,636.0,0.0,0.0,0.0,0.0,1.0,1.0,245.0
80,0.9907407407407407,0.9923645644112359,0.009259259259259259,0.0070363937482697285,0.0,0.0,108.0,0.9598853868194842,0.9638861845668458,0.034383954154727794,0.029509167805858143,0.0057306590257879654,0.0066063092508882515,349.0,0.7806603773584906,0.7823853216650642,0.18632075471698112,0.1862551778442379,0.0330188679245283,0.03098827515395862,848.0,0.1906653426017875,0.19108832008864093,0.5392254220456802,0.5436132680713004,0.2701092353525323,0.2660063719105141,1007.0,0.012544802867383513,0.013225954025179605,0.12365591397849462,0.1226841250733486,0.8637992831541219,0.8641601145640723,1116.0,0.0,4.285731414378103e-06,0.014240506329113924,0.013836995478972845,0.9857594936708861,0.9861601262753764,632.0,0.0,0.0,0.0,0.0,1.0,1.0,251.0
81,1.0,0.9938500088314491,0.0,0.005589637985332503,0.0,0.0,112.0,0.96,0.9670233390686163,0.03428571428571429,0.027159742954043217,0.005714285714285714,0.005804518322356361,350.0,0.7935943060498221,0.7912247472949399,0.18030842230130487,0.18056399692626798,0.02609727164887307,0.027822614154795568,843.0,0.18163471241170534,0.18129520693462575,0.562058526740666,0.5622574526938879,0.25630676084762866,0.256511223149639,991.0,0.011555555555555555,0.011750303547658988,0.11822222222222223,0.1169583790027411,0.8702222222222222,0.8714248016235576,1125.0,0.0,0.0,0.011023622047244094,0.01249668059205026,0.988976377952756,0.9875081668661901,635.0,0.0,0.0,0.0,0.0,1.0,1.0000000000000002,254.0
82,1.0,0.9952548893094861,0.0,0.0042636358788132045,0.0,0.0,120.0,0.9709302325581395,0.9700423253849397,0.02616279069767442,0.02486525141631335,0.0029069767441860465,0.005071715665731127,344.0,0.8014268727705113,0.8004689033039977,0.17360285374554102,0.1747181751493712,0.02497027348394768,0.024621404915981346,841.0,0.17142857142857143,0.17043100379794557,0.5816326530612245,0.5830007482231304,0.24693877551020407,0.24676794699398022,980.0,0.010743061772605193,0.01034135491259136,0.11548791405550582,0.11090603432212072,0.873769024171889,0.878966482268078,1117.0,0.0,0.0,0.0109375,0.011216421439424274,0.9890625,0.9887908244427052,640.0,0.0,0.0,0.0,0.0,1.0,1.0000000000000002,262.0
83,1.0,0.9966914897327719,0.0,0.0029201016826040436,0.0,0.0,126.0,0.9739884393063584,0.9730232941751592,0.023121387283236993,0.02252956190036116,0.002890173410404624,0.004429292687561963,346.0,0.8133971291866029,0.8098228436487231,0.16626794258373206,0.1689108777767133,0.02033492822966507,0.021497449401940004,836.0,0.15848670756646216,0.159424491243671,0.6063394683026585,0.6046836656282512,0.23517382413087934,0.23697752747394132,978.0,0.00909090909090909,0.009136293636309604,0.10636363636363637,0.10432529398921554,0.8845454545454545,0.8869486585131844,1100.0,0.0,0.0,0.0062402496099844,0.009974480819996134,0.9937597503900156,0.9900334023065245,641.0,0.0,0.0,0.0,0.0,1.0,1.0,275.0
84,1.0,0.9975541906780577,0.0,0.0021151207882473067,0.0,0.0,124.0,0.9803370786516854,0.9759934149334595,0.016853932584269662,0.020111466047569467,0.0028089887640449437,0.003884873705420601,356.0,0.8155339805825242,0.8202042551637758,0.16747572815533981,0.16242035828874682,0.01699029126213592,0.01840138840909941,824.0,0.15854922279792746,0.1479697419379934,0.6227979274611399,0.6265177436984859,0.21865284974093263,0.22664345991875437,965.0,0.006352087114337568,0.007891458389468397,0.10072595281306715,0.09774235498217636,0.8929219600725953,0.8948901171407163,1102.0,0.0,0.0,0.007692307692307693,0.008759481776293508,0.9923076923076923,0.9912485176718897,650.0,0.0,0.0,0.0,0.0,1.0,1.0,271.0
85,1.0,0.9986601389496698,0.0,0.001134051571954675,0.0,0.0,127.0,0.9831932773109243,0.9789719907457459,0.014005602240896359,0.01758556727879651,0.0028011204481792717,0.0034372476699370746,357.0,0.8242424242424242,0.8365571907238353,0.16242424242424242,0.1483550750621602,0.013333333333333334,0.015416163072212254,825.0,0.14842105263157895,0.1332426561540489,0.6505263157894737,0.6483694235023738,0.20105263157894737,0.21575139063290036,950.0,0.004578754578754579,0.006742205045610717,0.09065934065934066,0.0904311455420204,0.9047619047619048,0.9032821944472873,1092.0,0.0,0.0,0.007541478129713424,0.007591806077219897,0.9924585218702866,0.9924160826141452,663.0,0.0,0.0,0.0,0.0,1.0,1.0,274.0
86,1.0,0.9994472659094545,0.0,0.0004745758424313063,0.0,0.0,133.0,0.9832869080779945,0.9818622591874534,0.013927576601671309,0.015030467302491286,0.002785515320334262,0.003103715880957174,359.0,0.84472049689441,0.8591385207325597,0.14658385093167703,0.12539656432198454,0.008695652173913044,0.012689113149384522,805.0,0.14164004259850904,0.11576623955967186,0.6805111821086262,0.6702573405234906,0.17784877529286475,0.2041591592953141,939.0,0.0045045045045045045,0.005726133625809045,0.08468468468468468,0.08172132317538192,0.9108108108108108,0.912584946365899,1110.0,0.0,0.0,0.0074850299401197605,0.006521982750830489,0.9925149700598802,0.9934851070683045,668.0,0.0,0.0,0.0,0.0,1.0,1.0,272.0
87,1.0,0.9998467027142331,0.0,0.00014334187530427994,0.0,0.0,136.0,0.9864130434782609,0.9840112050229922,0.010869565217391304,0.012993241863769225,0.002717391304347826,0.002991854952794943,368.0,0.8533834586466166,0.8799450449018077,0.13784461152882205,0.10544254195407506,0.008771929824561403,0.010743530400317145,798.0,0.12740899357601712,0.10021359677674439,0.7066381156316917,0.6921713477272359,0.16595289079229122,0.19344240665608015,934.0,0.0036730945821854912,0.005043230357394605,0.07529843893480258,0.07136835852588358,0.921028466483012,0.9230984826613766,1089.0,0.0,0.0,0.007342143906020558,0.005709689547012796,0.9926578560939795,0.9942963499246831,681.0,0.0,0.0,0.0,0.0,1.0,0.9999999999999996,275.0
88,1.0,0.9998976515694789,0.0,9.491750034846215e-05,0.0,0.0,136.0,0.9861878453038674,0.9859300465539821,0.011049723756906077,0.011165528479376673,0.0027624309392265192,0.0029018618362837358,362.0,0.8714107365792759,0.8972928141021892,0.12234706616729088,0.09001239662856857,0.006242197253433208,0.008866070493379402,801.0,0.10978260869565218,0.08600371287616644,0.7369565217391304,0.7141158882296933,0.1532608695652174,0.18269458011986617,920.0,0.0036596523330283625,0.0043842077736206625,0.07136322049405307,0.06167899384446505,0.9249771271729186,0.9332821841739182,1093.0,0.0,0.0,0.004431314623338257,0.004985068580391939,0.9955686853766618,0.9950197865494097,677.0,0.0,0.0,0.0,0.0,1.0,1.0,280.0
89,1.0,0.9999429647540866,0.0,5.3173607460291345e-05,0.0,0.0,138.0,0.9862637362637363,0.9878220612197861,0.01098901098901099,0.009360919757641072,0.0027472527472527475,0.0028161344083928765,364.0,0.887920298879203,0.9139890775325108,0.10834371108343711,0.07539930132990401,0.0037359900373599006,0.006990062753492698,803.0,0.08960176991150443,0.07199273077248816,0.7787610619469026,0.7360854820997084,0.13163716814159293,0.1719232518430923,904.0,0.002742230347349177,0.0037274430252174037,0.05850091407678245,0.05228560767268225,0.9387568555758684,0.9432702278874512,1094.0,0.0,0.0,0.0029940119760479044,0.004265282706439667,0.9970059880239521,0.9957383859225531,668.0,0.0,0.0,0.0,0.0,1.0,1.0000000000000002,293.0
90,1.0,0.9999828769141565,0.0,1.6885896890992296e-05,0.0,0.0,144.0,0.9947368421052631,0.9896946229778553,0.002631578947368421,0.007570070657859372,0.002631578947368421,0.0027362742249610163,380.0,0.9933774834437086,0.9305509749876413,0.005298013245033113,0.0609599734943962,0.0013245033112582781,0.005126072755110369,755.0,0.003484320557491289,0.05802335522435978,0.9907084785133565,0.7580756001693525,0.005807200929152149,0.16113371775095936,861.0,0.0018298261665141812,0.003078730823891837,0.0018298261665141812,0.042969744685845496,0.9963403476669717,0.9531984064344288,1093.0,0.0,0.0,0.0014925373134328358,0.003541908677327559,0.9985074626865672,0.9964606411889627,670.0,0.0,0.0,0.0,0.0,1.0,0.9999999999999996,302.0
91,1.0,1.0000168358540753,0.0,-1.3827921813635393e-05,0.0,0.0,146.0,0.9946949602122016,0.9915437683483013,0.002652519893899204,0.005796104825561425,0.002652519893899204,0.0026629641569006373,377.0,0.9947019867549669,0.9471164820483319,0.003973509933774834,0.04652818134293803,0.0013245033112582781,0.003287174253364859,755.0,0.0034802784222737818,0.04405804484318626,0.9918793503480279,0.7800826081544303,0.004640371229698376,0.15032979508550354,862.0,0.0018298261665141812,0.0024431624317189943,0.0009149130832570906,0.03364497521224152,0.9972552607502287,0.9631296578170022,1093.0,0.0,0.0,0.0014925373134328358,0.002816819301000126,0.9985074626865672,0.9971846958540754,670.0,0.0,0.0,0.0,0.0,1.0,0.9999999999999998,302.0
93,1.0,1.0000692948308558,0.0,-6.113403480585986e-05,0.0,0.0,146.0,0.9946949602122016,0.9951444840960102,0.002652519893899204,0.0023266012136515333,0.002652519893899204,0.0025352351833325838,377.0,0.9960264900662251,0.9804077757235614,0.0026490066225165563,0.01751168758979969,0.0013245033112582781,-0.00027043414409159814,755.0,0.002325581395348837,0.016101656716894792,0.9953488372093023,0.8241363070549591,0.002325581395348837,0.12868937955272078,860.0,0.0018264840182648401,0.001226224101972052,0.0009132420091324201,0.014840790650832969,0.9972602739726028,0.9831063743629029,1095.0,0.0,0.0,0.0014925373134328358,0.0013790383674285355,0.9985074626865672,0.9986206352703841,670.0,0.0,0.0,0.0,0.0,1.0,0.999999999999995,302.0
94,1.0,1.000089285799855,0.0,-7.913708473587253e-05,0.0,0.0,146.0,0.9946949602122016,0.9968831440508272,0.002652519893899204,0.0006447814509289626,0.002652519893899204,0.002479934252957564,377.0,0.9960264900662251,0.9971458700645661,0.0026490066225165563,0.0029109930102167825,0.0013245033112582781,-0.0019726926844351564,755.0,0.0023228803716608595,0.002107328793145796,0.9953542392566783,0.8461788430731864,0.0023228803716608595,0.11785665646301746,861.0,0.0018281535648994515,0.0006496281681848412,0.0,0.005339364703595405,0.9981718464351006,0.9931732378811857,1094.0,0.0,0.0,0.0014925373134328358,0.0006749982578050388,0.9985074626865672,0.999323852095755,670.0,0.0,0.0,0.0,0.0,1.0,0.9999999999999998,302.0
95,1.0,1.0001060696297248,0.0,-9.424472178534822e-05,0.0,0.0,146.0,0.9946808510638298,0.9985762915290822,0.0026595744680851063,-0.0009965891419131984,0.0026595744680851063,0.0024295495387272235,376.0,0.996031746031746,1.0139263530687046,0.0026455026455026454,-0.011735290333618021,0.0013227513227513227,-0.003619423931579934,756.0,0.0023228803716608595,-0.011893986499807416,0.9953542392566783,0.8682297288574494,0.0023228803716608595,0.10701741742243608,861.0,0.0018281535648994515,9.516376631071334e-05,0.0,-0.004221385276291721,0.9981718464351006,1.0032896974172159,1094.0,0.0,0.0,0.0014925373134328358,-1.5262288278070297e-05,0.9985074626865672,1.0000133425093458,670.0,0.0,0.0,0.0,0.0,1.0,1.000000000000001,302.0
